{"UUID":"YJlFkrWCNEz4R7aN3pB8Dm","layoutMainAxisSizing":null,"layoutCrossAxisSizing":null,"name":"Untitled","isVisible":true,"boundaryRectangle":null,"style":null,"prototypeNodeUUID":null,"child":null,"constraints":null,"debug":false,"pngPath":"/usr/src/app/temp-out/pb-tmp-60b70ac7-f06b-463c-83ed-484b59fa7185/teigebrasil/lib/assets/images","pages":[{"UUID":"0:1","layoutMainAxisSizing":null,"layoutCrossAxisSizing":null,"name":"Page 1","isVisible":true,"boundaryRectangle":null,"style":null,"prototypeNodeUUID":null,"child":null,"constraints":null,"convert":true,"screens":[],"pbdlType":"page"},{"UUID":"16:2","layoutMainAxisSizing":null,"layoutCrossAxisSizing":null,"name":"App-Teige\u0001 [XD Import] (23-Feb-2023-195915)","isVisible":true,"boundaryRectangle":null,"style":null,"prototypeNodeUUID":null,"child":null,"constraints":null,"convert":true,"screens":[],"pbdlType":"page"}],"miscPages":[],"sharedStyles":[],"globalStyles":{"UUID":"","layoutMainAxisSizing":null,"layoutCrossAxisSizing":null,"name":"","isVisible":false,"boundaryRectangle":null,"style":null,"prototypeNodeUUID":null,"child":null,"constraints":null,"pbdlType":"global_styles","designSystem":"material","colors":[{"UUID":"16:3","layoutMainAxisSizing":null,"layoutCrossAxisSizing":null,"name":"rgb(191, 191, 191)","isVisible":false,"boundaryRectangle":null,"style":null,"prototypeNodeUUID":null,"child":null,"constraints":null,"description":"","pbdlType":"global_color","color":{"a":1.0,"r":0.7490196228027344,"g":0.7490196228027344,"b":0.7490196228027344}},{"UUID":"16:4","layoutMainAxisSizing":null,"layoutCrossAxisSizing":null,"name":"rgb(244, 245, 247)","isVisible":false,"boundaryRectangle":null,"style":null,"prototypeNodeUUID":null,"child":null,"constraints":null,"description":"","pbdlType":"global_color","color":{"a":1.0,"r":0.95686274766922,"g":0.9607843160629272,"b":0.9686274528503418}},{"UUID":"16:5","layoutMainAxisSizing":null,"layoutCrossAxisSizing":null,"name":"rgb(107, 109, 113)","isVisible":false,"boundaryRectangle":null,"style":null,"prototypeNodeUUID":null,"child":null,"constraints":null,"description":"","pbdlType":"global_color","color":{"a":1.0,"r":0.41960784792900085,"g":0.4274509847164154,"b":0.4431372582912445}},{"UUID":"16:6","layoutMainAxisSizing":null,"layoutCrossAxisSizing":null,"name":"rgb(255, 255, 255)","isVisible":false,"boundaryRectangle":null,"style":null,"prototypeNodeUUID":null,"child":null,"constraints":null,"description":"","pbdlType":"global_color","color":{"a":1.0,"r":1.0,"g":1.0,"b":1.0}},{"UUID":"16:7","layoutMainAxisSizing":null,"layoutCrossAxisSizing":null,"name":"rgb(40, 41, 43)","isVisible":false,"boundaryRectangle":null,"style":null,"prototypeNodeUUID":null,"child":null,"constraints":null,"description":"","pbdlType":"global_color","color":{"a":1.0,"r":0.1568627506494522,"g":0.16078431904315948,"b":0.16862745583057404}},{"UUID":"16:8","layoutMainAxisSizing":null,"layoutCrossAxisSizing":null,"name":"rgb(0, 77, 102)","isVisible":false,"boundaryRectangle":null,"style":null,"prototypeNodeUUID":null,"child":null,"constraints":null,"description":"","pbdlType":"global_color","color":{"a":1.0,"r":0.0,"g":0.3019607961177826,"b":0.4000000059604645}},{"UUID":"16:9","layoutMainAxisSizing":null,"layoutCrossAxisSizing":null,"name":"rgb(0, 146, 156)","isVisible":false,"boundaryRectangle":null,"style":null,"prototypeNodeUUID":null,"child":null,"constraints":null,"description":"","pbdlType":"global_color","color":{"a":1.0,"r":0.0,"g":0.572549045085907,"b":0.6117647290229797}}],"textStyles":[],"themeColors":[],"themeTextStyles":[]},"pbdlType":"project","azure_container_uri":"https://pbnestcore.blob.core.windows.net/yjlfkrwcnez4r7an3pb8dm"}